{
  "namespace": "chat",
  "down_arrow_image": {
    "type": "image",
    "size": [
      12,
      8
    ],
    "texture": "textures/ui/chat_down_arrow"
  },
  "keyboard_image": {
    "type": "image",
    "size": [
      9,
      7
    ],
    "texture": "textures/ui/chat_keyboard"
  },
  "gear_image": {
    "type": "image",
    "size": [
      14,
      14
    ],
    "texture": "textures/ui/gear"
  },
  "send_image": {
    "type": "image",
    "size": [
      21,
      18
    ],
    "texture": "textures/ui/chat_send"
  },
  "send_panel": {
    "type": "stack_panel",
    "orientation": "horizontal",
    "size": [
      44,
      17
    ],
    "controls": [
      {
        "send_image_panel": {
          "type": "panel",
          "size": [
            "fill",
            "100%c"
          ],
          "controls": [
            {
              "send_image@send_image": {}
            }
          ]
        }
      },
      {
        "gamepad_x_button": {
          "type": "stack_panel",
          "orientation": "horizontal",
          "size": [
            23,
            "100%"
          ],
          "controls": [
            {
              "side_padding": {
                "type": "panel",
                "size": [
                  2,
                  "100%"
                ]
              }
            },
            {
              "gamepad_x_button_image": {
                "type": "panel",
                "controls": [
                  {
                    "icon@common.gamepad_helper_x": {
                      "$icon_description_bind_type": "none"
                    }
                  }
                ]
              }
            }
          ],
          "bindings": [
            {
              "binding_name": "#gamepad_helper_visible",
              "binding_name_override": "#visible"
            }
          ]
        }
      }
    ]
  },
  "keyboard_image_panel": {
    "type": "panel",
    "controls": [
      {
        "keyboard_image@chat.keyboard_image": {
          "bindings": [
            {
              "binding_name": "(not #keyboard_being_used)",
              "binding_name_override": "#visible"
            }
          ]
        }
      },
      {
        "down_arrow_image@chat.down_arrow_image": {
          "bindings": [
            {
              "binding_name": "#keyboard_being_used",
              "binding_name_override": "#visible"
            }
          ]
        }
      }
    ]
  },
  "small_button@common_buttons.light_content_button": {
    "size": [
      27,
      27
    ],
    "$pressed_button_name": "button.send",
    "anchor_from": "bottom_right",
    "anchor_to": "bottom_right"
  },
  "keyboard_button@chat.small_button": {
    "$button_content": "chat.keyboard_image_panel",
    "$pressed_button_name": "button.keyboard_toggle",
    "$focus_id": "keyboard_button_focus_id",
    "$button_tts_header": "accessibility.chat.tts.keyboard",
    "bindings": [
      {
        "binding_name": "#keyboard_button_focus_override_up",
        "binding_name_override": "#focus_change_up"
      },
      {
        "binding_name": "#keyboard_button_focus_override_down",
        "binding_name_override": "#focus_change_down"
      },
      {
        "binding_name": "#keyboard_button_visible",
        "binding_name_override": "#visible"
      }
    ]
  },
  "chat_settings_button@chat.small_button": {
    "$button_content": "chat.gear_image",
    "$pressed_button_name": "button.open_chat_settings",
    "$focus_id": "chat_settings_button_focus_id",
    "$button_tts_header": "chat.settings"
  },
  "light_text_button@common_buttons.light_text_button": {
    "size": [
      27,
      27
    ],
    "$button_text": "TAB",
    "visible": "$touch",
    "$pressed_button_name": "button.chat_autocomplete"
  },
  "chat_tab_button@chat.light_text_button": {},
  "chat_tab_back_button@chat.light_text_button": {
    "$button_text": "D",
    "$pressed_button_name": "button.chat_autocomplete_back"
  },
  "chat_back_message@chat.light_text_button": {
    "$button_text": "▲",
    "$pressed_button_name": "button.chat_previous_message"
  },
  "chat_next_message@chat.light_text_button": {
    "$button_text": "▼",
    "$pressed_button_name": "button.chat_next_message"
  },
  "send_button@common_buttons.light_text_form_fitting_button": {
    "$pressed_button_name": "button.send",
    "$anchor": "bottom_right",
    "size": [
      "100%c",
      27
    ],
    "$tts_enabled|default": true,
    "focus_enabled": "$tts_enabled",
    "$button_type_panel": "chat.send_panel",
    "$button_tts_header": "#send_button_accessibility_text",
    "bindings": [
      {
        "binding_name": "#send_button_visible",
        "binding_name_override": "#enabled"
      },
      {
        "binding_name": "#send_button_accessibility_text"
      }
    ]
  },
  "messages_text_entrance_push": {
    "anim_type": "offset",
    "easing": "out_back",
    "duration": 0.8,
    "from": [
      "-100%",
      23
    ],
    "to": [
      2,
      23
    ],
    "play_event": "screen.entrance_push",
    "end_event": "screen.entrance_end"
  },
  "messages_text_entrance_pop": {
    "anim_type": "offset",
    "easing": "out_back",
    "duration": 0.8,
    "from": [
      "-100%",
      23
    ],
    "to": [
      2,
      23
    ],
    "play_event": "screen.entrance_pop",
    "end_event": "screen.entrance_end"
  },
  "messages_text_exit_push": {
    "anim_type": "offset",
    "duration": 0.8,
    "from": [
      2,
      23
    ],
    "to": [
      "100%",
      23
    ],
    "play_event": "screen.exit_push",
    "end_event": "screen.exit_end"
  },
  "messages_text_exit_pop": {
    "anim_type": "offset",
    "duration": 0.8,
    "from": [
      2,
      23
    ],
    "to": [
      "100%",
      23
    ],
    "play_event": "screen.exit_pop",
    "end_event": "screen.exit_end"
  },
  "messages_text_mingli": {
    "size": [
      "100%",
      "100%c+3px"
    ],
    "texture": "textures/ui/Black",
    "alpha": 0.5,
    "layer": 10,
    "offset": "@chat.messages_text_entrance_push_test",
    "type": "image",
    "controls": [
      {
        "messages_mingli": {
          "type": "label",
          "color": "$chat_text_color",
          "$chat_text_color|default": "red",
          "localize": false,
          "text": "#text",
          "max_size": [
            "100%",
            "100%c"
          ],
          "layer": 11,
          "text_tts": "#text_tts",
          "font_type": "$chat_font_type",
          "font_scale_factor": "$chat_font_scale_factor",
          "line_padding": "$chat_line_spacing"
        }
      }
    ],
    "bindings": [
      {
        "binding_name": "#chat_visible",
        "binding_name_override": "#visible"
      }
    ]
  },
  "messages_text_entrance_push_test": {
    "anim_type": "offset",
    "easing": "out_back",
    "duration": 0.8,
    "from": [
      "-100%",
      0
    ],
    "to": [
      0,
      0
    ]
  },
  "message_tts_wrapper@common.tts_label_focus_wrapper": {
    "$tts_label_panel": "chat.messages_text_mingli",
    "$focus_border_visible_binding": "#host_options_menu_not_open_and_tts_enabled"
  },
  "messages_stack_panel": {
    "type": "stack_panel",
    "orientation": "vertical",
    "$scrolling_content_anchor_from": "bottom_left",
    "$scrolling_content_anchor_to": "bottom_left",
    "factory": {
      "name": "messages_factory",
      "max_children_size": 60,
      "control_ids": {
        "chat_screen_messages": "chat_screen_messages@chat.message_tts_wrapper"
      }
    }
  },
  "messages_scrolling_panel@common.scrolling_panel": {
    "type": "panel",
    "size": [
      "100%",
      "100%-50px"
    ],
    "animation_reset_name": "screen_animation_reset",
    "anims": [
      "@chat.messages_text_entrance_push",
      "@chat.messages_text_entrance_pop",
      "@chat.messages_text_exit_push",
      "@chat.messages_text_exit_pop"
    ],
    "$scrolling_content": "chat.messages_stack_panel"
  },
  "text_edit_box@common.text_edit_box": {
    "anchor_from": "left_middle",
    "anchor_to": "left_middle",
    "size": [
      "100%",
      25
    ],
    "max_length": 512,
    "always_listening": true,
    "$text_box_name": "#message_text_box",
    "$text_edit_box_content_binding_name": "#message_text_box_content",
    "default_focus_precedence": 1,
    "$focus_id": "text_edit_box_focus_id",
    "$focus_override_left": "chat_settings_button_focus_id",
    "$text_box_tts_header": "accessibility.chat.tts.textboxTitle",
    "bindings": [
      {
        "binding_type": "$text_edit_box_enabled_binding_type",
        "binding_collection_name": "$text_edit_box_grid_collection_name",
        "binding_name": "$text_box_enabled_binding_name",
        "binding_name_override": "#enabled"
      },
      {
        "binding_name": "#text_edit_box_focus_override_up",
        "binding_name_override": "#focus_change_up"
      },
      {
        "binding_name": "#text_edit_box_focus_override_down",
        "binding_name_override": "#focus_change_down"
      }
    ],
    "button_mappings": [
      {
        "from_button_id": "button.menu_select",
        "to_button_id": "$text_edit_box_selected_to_button_id",
        "handle_select": true,
        "handle_deselect": true,
        "mapping_type": "pressed"
      },
      {
        "from_button_id": "button.menu_select",
        "to_button_id": "$text_edit_box_selected_to_button_id",
        "handle_select": false,
        "handle_deselect": true,
        "mapping_type": "global",
        "consume_event": false
      },
      {
        "from_button_id": "button.menu_ok",
        "to_button_id": "$text_edit_box_selected_to_button_id",
        "handle_select": true,
        "handle_deselect": true,
        "mapping_type": "pressed"
      },
      {
        "from_button_id": "button.menu_ok",
        "to_button_id": "$text_edit_box_selected_to_button_id",
        "handle_select": false,
        "handle_deselect": true,
        "mapping_type": "global"
      },
      {
        "from_button_id": "button.menu_cancel",
        "to_button_id": "$text_edit_box_deselected_to_button_id",
        "handle_select": false,
        "handle_deselect": true,
        "mapping_type": "global"
      },
      {
        "to_button_id": "$text_edit_box_hovered_button_id",
        "mapping_type": "pressed"
      },
      {
        "from_button_id": "$text_edit_box_clear_from_button_id",
        "to_button_id": "$text_edit_box_clear_to_button_id",
        "handle_select": false,
        "handle_deselect": false,
        "mapping_type": "focused"
      },
      {
        "from_button_id": "button.menu_autocomplete",
        "to_button_id": "button.chat_autocomplete",
        "handle_select": true,
        "handle_deselect": false,
        "mapping_type": "global"
      },
      {
        "from_button_id": "button.menu_autocomplete_back",
        "to_button_id": "button.chat_autocomplete_back",
        "handle_select": true,
        "handle_deselect": false,
        "mapping_type": "global"
      },
      {
        "from_button_id": "button.menu_textedit_up",
        "to_button_id": "button.chat_previous_message",
        "handle_select": true,
        "handle_deselect": false,
        "mapping_type": "focused"
      },
      {
        "from_button_id": "button.menu_textedit_down",
        "to_button_id": "button.chat_next_message",
        "handle_select": true,
        "handle_deselect": false,
        "mapping_type": "focused"
      },
      {
        "from_button_id": "button.controller_select",
        "to_button_id": "button.send",
        "mapping_type": "global",
        "handle_select": false,
        "handle_deselect": false
      },
      {
        "from_button_id": "button.controller_start",
        "to_button_id": "button.send",
        "mapping_type": "global",
        "handle_select": false,
        "handle_deselect": false
      },
      {
        "from_button_id": "button.controller_autocomplete",
        "to_button_id": "button.chat_autocomplete",
        "handle_select": false,
        "handle_deselect": false,
        "mapping_type": "global"
      },
      {
        "from_button_id": "button.controller_autocomplete_back",
        "to_button_id": "button.chat_autocomplete_back",
        "handle_select": false,
        "handle_deselect": false,
        "mapping_type": "global"
      },
      {
        "from_button_id": "button.controller_textedit_up",
        "to_button_id": "button.chat_previous_message",
        "handle_select": false,
        "handle_deselect": false,
        "mapping_type": "focused"
      },
      {
        "from_button_id": "button.controller_textedit_down",
        "to_button_id": "button.chat_next_message",
        "handle_select": false,
        "handle_deselect": false,
        "mapping_type": "focused"
      }
    ]
  },
  "commands_background": {
    "type": "image",
    "size": [
      "100%",
      "100%c"
    ],
    "texture": "textures/ui/White",
    "color": [
      0.0,
      0.0,
      0.0
    ]
  },
  "click_autocomplete_is_focused": {
    "type": "image",
    "texture": "textures/ui/square_image_border_white",
    "color": "$non_interact_border_color"
  },
  "auto_complete_panel_contents_with_item": {
    "type": "panel",
    "anchor_from": "top_left",
    "anchor_to": "top_left",
    "size": [
      "100%",
      10
    ],
    "controls": [
      {
        "auto_complete_item_renderer@common.item_renderer": {
          "size": [
            9,
            9
          ],
          "offset": [
            2,
            0
          ],
          "anchor_from": "left_middle",
          "anchor_to": "left_middle",
          "bindings": [
            {
              "binding_name": "#auto_complete_item",
              "binding_type": "collection",
              "binding_name_override": "#item_id_aux",
              "binding_collection_name": "auto_complete"
            }
          ]
        }
      },
      {
        "text": {
          "type": "label",
          "color": "$chat_text_color",
          "offset": [
            2,
            0
          ],
          "anchor_from": "left_middle",
          "anchor_to": "left_middle",
          "text": "#text",
          "localize": false,
          "bindings": [
            {
              "binding_type": "collection",
              "binding_name": "#auto_complete_text",
              "binding_name_override": "#text",
              "binding_collection_name": "auto_complete"
            }
          ]
        }
      },
      {
        "autocomplete_button@common.button": {
          "$pressed_button_name": "button.click_autocomplete",
          "tts_inherit_siblings": true,
          "controls": [
            {
              "default": {
                "type": "panel"
              }
            },
            {
              "hover@chat.click_autocomplete_is_focused": {}
            },
            {
              "pressed@chat.click_autocomplete_is_focused": {}
            }
          ],
          "bindings": [
            {
              "binding_type": "collection",
              "binding_name": "#is_autocomplete_suggestion",
              "binding_name_override": "#visible",
              "binding_collection_name": "auto_complete"
            },
            {
              "binding_type": "collection_details",
              "binding_collection_name": "auto_complete"
            }
          ]
        }
      }
    ]
  },
  "auto_complete_panel": {
    "type": "panel",
    "size": [
      "100%",
      "100%"
    ],
    "anchor_from": "bottom_left",
    "anchor_to": "bottom_left",
    "controls": [
      {
        "panel": {
          "type": "panel",
          "size": [
            "100%",
            "100%"
          ],
          "max_size": [
            "100%",
            "100%"
          ],
          "min_size": [
            0,
            0
          ],
          "anchor_from": "bottom_left",
          "anchor_to": "bottom_left",
          "controls": [
            {
              "auto_complete_grid": {
                "type": "grid",
                "grid_item_template": "chat.auto_complete_panel_contents_with_item",
                "grid_fill_direction": "vertical",
                "collection_name": "auto_complete",
                "anchor_from": "bottom_left",
                "anchor_to": "bottom_left",
                "size": [
                  "100%",
                  "100%"
                ],
                "bindings": [
                  {
                    "binding_name": "#get_grid_size",
                    "binding_type": "collection",
                    "binding_collection_name": "auto_complete"
                  }
                ]
              }
            }
          ]
        }
      }
    ]
  },
  "commands_panel": {
    "type": "panel",
    "anchor_from": "bottom_left",
    "anchor_to": "bottom_left",
    "offset": [
      0,
      -27
    ],
    "size": [
      "100%",
      "100%-50px"
    ],
    "controls": [
      {
        "auto_complete_panel@chat.auto_complete_panel": {
          "anchor_from": "bottom_left",
          "anchor_to": "bottom_left"
        }
      }
    ]
  },
  "chat_bottom_panel": {
    "type": "stack_panel",
    "orientation": "horizontal",
    "anchor_from": "bottom_middle",
    "anchor_to": "bottom_middle",
    "size": [
      "100%",
      27
    ],
    "min_size": [
      "100%",
      27
    ],
    "controls": [
      {
        "keyboard_button@chat.keyboard_button": {}
      },
      {
        "host_main_button@host_options.host_main_button": {
          "ignored": "$is_pregame"
        }
      },
      {
        "chat_settings@chat.chat_settings_button": {}
      },
      {
        "chat_tab_back_button@chat.chat_tab_back_button": {}
      },
      {
        "chat_tab_button@chat.chat_tab_button": {}
      },
      {
        "chat_back_message@chat.chat_back_message": {}
      },
      {
        "chat_next_message@chat.chat_next_message": {}
      },
      {
        "text_box": {
          "type": "panel",
          "size": [
            "fill",
            27
          ],
          "controls": [
            {
              "text_edit_box@chat.text_edit_box": {}
            }
          ]
        }
      },
      {
        "send_button@chat.send_button": {
          "offset": [
            -20,
            0
          ]
        }
      }
    ]
  },
  "title_text": {
    "type": "panel",
    "size": [
      "100%c",
      "100%c"
    ],
    "controls": [
      {
        "title_panel": {
          "type": "label",
          "size": [
            "default",
            10
          ],
          "text": "#text",
          "offset": [
            0,
            -1
          ],
          "color": "$title_text_color",
          "layer": 2,
          "bindings": [
            {
              "binding_name": "#chat_title_text",
              "binding_name_override": "#text"
            }
          ]
        }
      }
    ]
  },
  "back_content_panel": {
    "type": "panel",
    "size": [
      "100%c",
      "100%"
    ],
    "anchor_from": "left_middle",
    "anchor_to": "left_middle",
    "controls": [
      {
        "back_button@common.back_button": {
          "offset": [
            0,
            -1
          ],
          "$button_text_binding_type": "global",
          "$button_text": "#back_button_text"
        }
      },
      {
        "gamepad_back_helper": {
          "type": "input_panel",
          "size": [
            "100%c",
            26
          ],
          "offset": [
            -4,
            -1
          ],
          "$gamepad_helper_icon_description_text_color": "$light_glyph_default_color",
          "$gamepad_helper_icon_description_shadow": false,
          "tts_name": "accessibility.button.tts.title",
          "tts_control_header": "#back_button_accessibility_text",
          "controls": [
            {
              "gamepad_helper_button@common.gamepad_helper_b": {
                "$icon_description_bind": "#back_button_text"
              }
            }
          ],
          "bindings": [
            {
              "binding_name": "#is_using_gamepad",
              "binding_name_override": "#visible"
            }
          ]
        }
      }
    ]
  },
  "chat_header@common_store.store_top_bar": {
    "anchor_to": "top_left",
    "anchor_from": "top_left",
    "$back_button_text": "controller.buttonTip.back",
    "controls": [
      {
        "title_panel": {
          "type": "panel",
          "size": [
            "100%",
            19
          ],
          "controls": [
            {
              "back_button_content_panel@chat.back_content_panel": {
                "offset": [
                  2,
                  0
                ]
              }
            },
            {
              "title@chat.title_text": {}
            }
          ]
        }
      }
    ]
  },
  "chat_screen@common.base_screen": {
    "close_on_player_hurt": true,
    "$screen_content": "chat.chat_screen_content",
    "$screen_bg_content": "chat.chat_background",
    "button_mappings": [
      {
        "from_button_id": "button.menu_exit",
        "to_button_id": "button.chat_menu_cancel",
        "mapping_type": "global"
      },
      {
        "from_button_id": "button.menu_cancel",
        "to_button_id": "button.chat_menu_cancel",
        "mapping_type": "global"
      }
    ]
  },
  "chat_screen_content": {
    "type": "panel",
    "controls": [
      {
        "messages_panel@chat.messages_scrolling_panel": {}
      },
      {
        "chat_bottom_panel@chat.chat_bottom_panel": {
          "layer": 2
        }
      },
      {
        "chat_top_panel@chat.chat_header": {
          "layer": 2
        }
      },
      {
        "autocomplete_commands_panel@chat.commands_panel": {
          "layer": 3
        }
      },
      {
        "host_main_panel@host_options.host_panel": {
          "layer": 4
        }
      },
      {
        "popup_factory@chat_settings.popup_factory": {}
      }
    ]
  }
}