{
    "light_button_assets": {
        "$default_button_texture": "textures/MineRain/white",
        "$hover_button_texture": "textures/MineRain/blue_hover",
        "$pressed_button_texture": "textures/MineRain/black",
        "$locked_button_texture": "textures/MineRain/red",
        "locked_control": "locked",
        "$default_text_color": [
            0,
            0,
            0
        ],
        "$hover_text_color": [
            1,
            1,
            0
        ],
        "$pressed_text_color": [
            1,
            1,
            1
        ],
        "$locked_text_color": [
            1,
            1,
            1
        ],
        "$dark_button_default_text_color": [
            0,
            0,
            0
        ],
        "$dark_button_hover_text_color": [
            0,
            0,
            0
        ],
        "$dark_button_pressed_text_color": [
            1,
            1,
            1
        ],
        "$dark_button_locked_text_color": [
            1,
            1,
            1
        ],
        "$border_visible": false
    },
    "new_ui_button_panel/$button_image": {
        "alpha": 0.5
    },
    "dark_content_button/default": {},
    "new_ui_width_fitting_button_panel/border/$button_image": {
    "alpha":0.5
    },
    "light_glyph_button": {
        "$default_button_texture": "textures/MineRain/black",
        "$hover_button_texture": "textures/MineRain/blue_hover",
        "$pressed_button_texture": "textures/MineRain/white",
        "$locked_button_texture": "textures/MineRain/red",
		"$dark_button_secondary_default_text_color":[
            0,
            0,
            0
        ]
    },
    "dark_button_assets@light_button_assets": {
        "$default_button_texture": "textures/MineRain/black",
        "$hover_button_texture": "textures/MineRain/blue_hover",
        "$pressed_button_texture": "textures/MineRain/white",
        "$locked_button_texture": "textures/MineRain/red",
        "$dark_button_default_text_color": [
            1,
            1,
            1
        ],
        "$dark_button_hover_text_color": [
            1,
            1,
            1
        ],
        "$dark_button_pressed_text_color": [
            0,
            0,
            0
        ],
        "$dark_button_locked_text_color": [
            0,
            0,
            0
        ]
    },
    "light_content_button/hover": {
        "$text_color": "black"
    },
    "light_text_button/locked": {
        "$button_alpha": 0.2
    },
    "light_content_button_control_content/locked": {
        "$button_alpha": 0.2
    },
    "focus_border": {
        "texture": "",
        "alpha": 0
    },
    "new_ui_binding_button_label": {
        "font_type": "$default_font"
    },
    "underline_button": {
        "$dark_button_default_text_color": "white"
    },
    "underline_button/hover/label_hover": {
        "$single_line_label_color": "black"
    }
}