{
  "version": 1,
  "fonts": [
    {
      "font_format": "otf",
      "font_name": "Mojangles",
      "version": 1,
      "font_file": "font/Mojangles",
      "lowPerformanceCompatible": false
    },
    {
      "font_format": "ttf",
      "font_name": "forest",
      "version": 1,
      "font_file": "font/forest",
      "lowPerformanceCompatible": true
    },
    {
      "font_format": "ttf",
      "font_name": "minerain_ten",
      "version": 1,
      "font_file": "font/minerain_ten",
      "lowPerformanceCompatible": false
    },
    {
      "font_format": "ttf",
      "font_name": "MinecraftTen",
      "version": 1,
      "font_file": "font/minecraft-ten",
      "lowPerformanceCompatible": false
    },
    {
      "font_format": "msdf",
      "font_name": "OldSmoothFont",
      "font_file": "font/smooth/smooth_"
    },
    {
      "font_format": "msdf",
      "font_name": "minerain_smooth",
      "font_file": "font/smooth/MineRain_font_"
    }
  ],
  "font_aliases": [
    {
      "alias": "SmoothFontLatin",
      "fonts": [
        {
          "font_reference": "OldSmoothFont"
        },
        {
          "font_reference": "minerain_smooth"
        }
      ]
    },
    {
      "alias": "MinecraftTenEmoticon",
      "fonts": [
        {
          "font_reference": "MinecraftTen"
        },
        {
          "font_reference": "minerain_smooth"
        }
      ]
    },
    {
      "alias": "SmoothSmall",
      "font_scale_factor": 1,
      "fonts": [
        {
          "font_reference": "OldSmoothFont"
        },
        {
          "font_reference": "minerain_smooth"
        }
      ]
    }
  ]
}