{
    "format_version": 2,
    "header": {
        "description": "Please employ Minecraft V1.19.0+",
        "name": "§eMineRain §rUI §balpha",
        "uuid": "c314947a-13fb-49e6-9707-a9a0018760a6",
        "version": [
            0,
            3,
            8
        ],
        "min_engine_version": [
            1,
            19,
            0
        ]
    },
    "modules": [
        {
            "description": "mingli",
            "type": "resources",
            "uuid": "4f6381c3-57a2-45bc-9974-2f22aaddf9a8",
            "version": [
                0,
                0,
                1
            ]
        }
    ]
}